source,target,weight
0,12,0.9
0,64,0.94
0,67,0.92
0,86,0.9
0,132,0.92
0,192,0.94
0,216,0.91
0,217,0.96
0,305,0.91
12,46,0.91
12,64,0.92
12,67,0.93
12,159,0.9
12,192,0.93
12,215,0.93
12,217,0.92
12,263,0.91
12,305,0.95
64,31,0.93
64,46,0.92
64,60,0.91
64,67,0.95
64,86,0.95
64,132,0.97
64,159,0.93
64,192,0.97
64,198,0.92
64,215,0.9
64,216,0.94
64,217,0.97
64,263,0.92
64,305,0.94
67,9,0.92
67,31,0.92
67,46,0.92
67,60,0.9
67,86,0.9
67,132,0.92
67,137,0.9
67,147,0.91
67,159,0.91
67,192,0.95
67,198,0.9
67,215,0.9
67,217,0.94
67,263,0.96
67,305,0.98
86,31,0.92
86,46,0.91
86,60,0.9
86,132,0.95
86,159,0.9
86,192,0.93
86,198,0.92
86,217,0.93
86,305,0.91
132,9,0.93
132,31,0.94
132,46,0.9
132,60,0.95
132,192,0.95
132,198,0.94
132,216,0.9
132,217,0.94
132,263,0.9
132,305,0.92
192,9,0.92
192,31,0.9
192,60,0.9
192,159,0.9
192,216,0.9
192,217,0.96
192,263,0.91
192,305,0.93
216,217,0.91
216,248,0.95
217,9,0.9
217,31,0.93
217,159,0.9
217,263,0.91
217,305,0.93
305,9,0.9
305,31,0.93
305,46,0.96
305,137,0.91
305,147,0.91
305,159,0.92
305,215,0.92
305,263,0.95
305,300,0.9
2,14,0.92
2,18,0.94
2,71,0.93
2,110,0.9
2,160,0.93
2,187,0.9
2,221,0.9
2,251,0.91
2,255,0.9
2,256,0.9
2,270,0.93
14,18,0.9
14,63,0.91
14,71,0.94
14,110,0.92
14,130,0.94
14,155,0.9
14,187,0.93
14,197,0.93
14,221,0.95
14,251,0.9
14,256,0.93
14,270,0.9
14,286,0.94
14,287,0.94
14,306,0.91
18,63,0.92
18,71,0.93
18,126,0.9
18,130,0.93
18,155,0.9
18,160,0.9
18,190,0.93
18,191,0.9
18,195,0.91
18,256,0.9
18,270,0.92
18,275,0.9
18,286,0.9
18,287,0.9
18,306,0.93
71,56,0.94
71,130,0.93
71,155,0.92
71,160,0.92
71,190,0.9
71,203,0.91
71,221,0.91
71,256,0.94
71,270,0.95
71,275,0.9
71,286,0.92
71,306,0.95
71,313,0.92
110,187,0.92
110,197,0.9
110,221,0.92
110,251,0.93
110,256,0.9
110,286,0.92
160,22,0.95
160,32,0.94
160,33,0.94
160,34,0.91
160,41,0.93
160,56,0.92
160,90,0.92
160,109,0.91
160,115,0.93
160,155,0.92
160,193,0.94
160,195,0.94
160,203,0.95
160,252,0.93
160,255,0.94
160,256,0.91
160,270,0.96
160,275,0.91
160,289,0.94
160,302,0.93
160,304,0.94
160,313,0.91
187,63,0.91
187,89,0.91
187,103,0.9
187,130,0.94
187,163,0.91
187,194,0.92
187,197,0.97
187,200,0.92
187,221,0.98
187,249,0.94
187,251,0.9
187,265,0.9
187,274,0.9
187,286,0.96
187,287,0.96
187,297,0.96
187,310,0.95
221,63,0.9
221,89,0.91
221,103,0.9
221,130,0.95
221,163,0.9
221,194,0.91
221,197,0.98
221,200,0.9
221,249,0.95
221,251,0.9
221,274,0.91
221,286,0.97
221,287,0.96
221,297,0.94
221,310,0.95
251,63,0.9
251,103,0.92
251,214,0.92
251,286,0.9
251,287,0.9
251,297,0.9
255,22,0.93
255,32,0.96
255,33,0.91
255,35,0.9
255,39,0.95
255,90,0.91
255,126,0.9
255,155,0.94
255,166,0.92
255,191,0.93
255,193,0.9
255,195,0.97
255,202,0.92
255,212,0.91
255,225,0.91
255,244,0.92
255,270,0.93
255,275,0.93
255,289,0.91
255,298,0.91
255,302,0.94
255,304,0.96
256,130,0.91
256,155,0.9
256,203,0.92
256,270,0.93
256,275,0.9
256,286,0.9
256,306,0.9
270,22,0.91
270,32,0.92
270,33,0.93
270,39,0.91
270,56,0.94
270,130,0.9
270,155,0.94
270,190,0.92
270,195,0.93
270,203,0.93
270,252,0.9
270,275,0.93
270,289,0.92
270,304,0.93
270,306,0.91
270,313,0.92
3,5,0.93
3,7,0.97
3,8,0.9
3,16,0.95
3,17,0.92
3,26,0.91
3,28,0.97
3,53,0.9
3,54,0.92
3,59,0.93
3,62,0.96
3,66,0.96
3,72,0.93
3,75,0.96
3,76,0.97
3,78,0.97
3,93,0.92
3,94,0.91
3,99,0.92
3,101,0.96
3,114,0.93
3,119,0.93
3,121,0.95
3,122,0.91
3,138,0.9
3,139,0.9
3,140,0.94
3,141,0.92
3,148,0.95
3,150,0.96
3,151,0.92
3,152,0.91
3,157,0.92
3,158,0.97
3,167,0.94
3,170,0.96
3,171,0.95
3,172,0.94
3,175,0.94
3,176,0.91
3,180,0.92
3,182,0.9
3,183,0.9
3,188,0.93
3,196,0.97
3,202,0.95
3,204,0.96
3,205,0.94
3,206,0.92
3,211,0.92
3,213,0.93
3,220,0.97
3,228,0.91
3,229,0.92
3,235,0.92
3,241,0.93
3,242,0.97
3,243,0.94
3,246,0.92
3,247,0.97
3,253,0.94
3,259,0.95
3,261,0.93
3,271,0.97
3,272,0.97
3,273,0.92
3,280,0.91
3,281,0.97
3,282,0.92
3,290,0.91
3,292,0.91
3,293,0.92
3,298,0.93
3,299,0.96
3,316,0.94
5,4,0.96
5,7,0.95
5,8,0.9
5,15,0.94
5,16,0.9
5,17,0.95
5,28,0.93
5,29,0.95
5,30,0.9
5,50,0.9
5,55,0.96
5,58,0.91
5,59,0.95
5,62,0.91
5,66,0.95
5,72,0.92
5,75,0.9
5,85,0.94
5,94,0.93
5,99,0.97
5,101,0.95
5,114,0.91
5,118,0.95
5,119,0.95
5,120,0.92
5,121,0.97
5,122,0.93
5,124,0.9
5,127,0.93
5,140,0.93
5,141,0.95
5,142,0.94
5,145,0.93
5,148,0.95
5,156,0.91
5,158,0.94
5,170,0.95
5,172,0.95
5,174,0.92
5,175,0.93
5,184,0.91
5,189,0.95
5,196,0.92
5,201,0.92
5,204,0.96
5,211,0.93
5,229,0.96
5,230,0.95
5,235,0.91
5,236,0.94
5,238,0.94
5,239,0.94
5,241,0.97
5,242,0.91
5,246,0.94
5,261,0.95
5,271,0.91
5,273,0.97
5,276,0.91
5,280,0.94
5,281,0.96
5,290,0.98
5,292,0.96
5,293,0.96
5,299,0.91
5,316,0.9
5,317,0.92
7,4,0.92
7,8,0.92
7,16,0.93
7,17,0.94
7,28,0.97
7,54,0.9
7,55,0.91
7,59,0.92
7,62,0.96
7,66,0.93
7,72,0.91
7,75,0.96
7,76,0.94
7,78,0.94
7,94,0.92
7,99,0.93
7,101,0.96
7,114,0.92
7,119,0.96
7,121,0.97
7,122,0.93
7,127,0.9
7,139,0.91
7,140,0.96
7,141,0.94
7,148,0.95
7,150,0.96
7,151,0.9
7,157,0.91
7,158,0.98
7,167,0.93
7,170,0.97
7,171,0.94
7,172,0.96
7,175,0.96
7,180,0.91
7,183,0.92
7,189,0.9
7,196,0.96
7,202,0.93
7,204,0.99
7,205,0.93
7,211,0.96
7,220,0.9
7,229,0.95
7,230,0.91
7,235,0.94
7,236,0.9
7,241,0.96
7,242,0.96
7,243,0.93
7,246,0.93
7,247,0.93
7,259,0.91
7,261,0.95
7,271,0.94
7,272,0.94
7,273,0.96
7,280,0.93
7,281,0.97
7,282,0.9
7,290,0.95
7,292,0.94
7,293,0.93
7,298,0.91
7,299,0.94
7,316,0.95
8,17,0.96
8,28,0.91
8,94,0.93
8,96,0.94
8,101,0.93
8,118,0.9
8,119,0.94
8,121,0.92
8,122,0.93
8,124,0.93
8,125,0.9
8,127,0.92
8,141,0.95
8,145,0.91
8,158,0.91
8,172,0.96
8,174,0.91
8,175,0.96
8,189,0.93
8,204,0.92
8,211,0.94
8,229,0.95
8,236,0.91
8,241,0.9
8,261,0.96
8,273,0.94
8,280,0.94
8,281,0.94
8,290,0.93
8,292,0.95
8,293,0.91
8,295,0.94
16,26,0.95
16,28,0.95
16,53,0.95
16,54,0.96
16,59,0.95
16,62,0.96
16,66,0.97
16,72,0.93
16,75,0.95
16,76,0.94
16,78,0.95
16,85,0.9
16,93,0.92
16,101,0.93
16,114,0.95
16,121,0.9
16,138,0.93
16,139,0.95
16,140,0.93
16,148,0.95
16,150,0.95
16,151,0.96
16,157,0.97
16,158,0.94
16,170,0.9
16,171,0.92
16,180,0.93
16,183,0.93
16,188,0.94
16,196,0.95
16,202,0.9
16,204,0.93
16,205,0.96
16,206,0.93
16,220,0.91
16,228,0.97
16,235,0.9
16,241,0.9
16,242,0.96
16,243,0.97
16,247,0.97
16,271,0.95
16,272,0.96
16,281,0.92
16,282,0.97
16,299,0.98
16,316,0.97
17,4,0.91
17,28,0.96
17,55,0.92
17,62,0.92
17,75,0.93
17,94,0.94
17,96,0.95
17,101,0.98
17,118,0.96
17,119,0.97
17,121,0.94
17,122,0.93
17,124,0.97
17,125,0.92
17,127,0.96
17,140,0.92
17,141,1.0
17,142,0.9
17,145,0.94
17,150,0.92
17,158,0.94
17,170,0.91
17,172,0.97
17,174,0.94
17,175,0.99
17,189,0.95
17,201,0.91
17,204,0.95
17,211,0.97
17,229,0.99
17,235,0.93
17,236,0.94
17,238,0.9
17,239,0.93
17,241,0.95
17,242,0.93
17,246,0.9
17,261,1.0
17,273,0.97
17,280,0.97
17,281,0.98
17,290,0.97
17,292,0.99
17,293,0.95
17,295,0.92
26,28,0.92
26,53,1.0
26,54,0.92
26,62,0.96
26,75,0.95
26,76,0.92
26,78,0.94
26,93,0.97
26,114,0.93
26,138,0.92
26,140,0.9
26,150,0.96
26,151,1.0
26,157,0.99
26,158,0.92
26,171,0.92
26,180,0.91
26,182,0.94
26,188,0.96
26,196,0.94
26,205,0.99
26,206,0.99
26,213,0.93
26,228,0.98
26,242,0.95
26,243,0.99
26,247,0.97
26,271,0.93
26,272,0.97
26,282,1.0
26,299,0.95
26,316,0.94
28,53,0.92
28,54,0.9
28,59,0.92
28,62,0.99
28,66,0.94
28,75,0.99
28,76,0.92
28,78,0.93
28,94,0.92
28,101,0.99
28,114,0.95
28,119,0.96
28,121,0.94
28,122,0.91
28,138,0.9
28,139,0.91
28,140,0.97
28,141,0.96
28,148,0.92
28,150,0.99
28,151,0.93
28,157,0.94
28,158,0.99
28,167,0.9
28,170,0.93
28,171,0.92
28,172,0.95
28,175,0.98
28,182,0.92
28,188,0.9
28,196,0.96
28,204,0.98
28,205,0.97
28,206,0.9
28,211,0.93
28,220,0.92
28,228,0.92
28,229,0.94
28,235,0.95
28,241,0.94
28,242,1.0
28,243,0.95
28,247,0.95
28,261,0.96
28,271,0.93
28,272,0.96
28,273,0.94
28,280,0.92
28,281,0.98
28,282,0.94
28,290,0.93
28,292,0.93
28,293,0.9
28,299,0.94
28,316,0.95
53,54,0.91
53,62,0.96
53,75,0.95
53,76,0.9
53,78,0.94
53,93,0.96
53,114,0.92
53,138,0.91
53,140,0.9
53,150,0.96
53,151,0.99
53,157,0.99
53,158,0.91
53,171,0.91
53,180,0.91
53,182,0.94
53,188,0.96
53,196,0.93
53,205,0.99
53,206,0.98
53,213,0.91
53,228,0.98
53,242,0.95
53,243,0.99
53,247,0.96
53,271,0.92
53,272,0.97
53,282,1.0
53,299,0.94
53,316,0.93
54,59,0.95
54,62,0.92
54,66,0.95
54,72,0.93
54,75,0.9
54,76,0.92
54,78,0.91
54,85,0.91
54,93,0.91
54,114,0.94
54,138,0.9
54,139,0.94
54,140,0.91
54,148,0.94
54,150,0.91
54,151,0.93
54,157,0.94
54,158,0.9
54,183,0.92
54,188,0.9
54,196,0.93
54,205,0.91
54,206,0.91
54,220,0.91
54,228,0.92
54,235,0.9
54,242,0.92
54,243,0.92
54,247,0.94
54,271,0.91
54,272,0.94
54,281,0.9
54,282,0.93
54,299,0.97
54,316,0.94
59,4,0.92
59,50,0.9
59,55,0.95
59,62,0.93
59,66,0.99
59,72,0.96
59,75,0.9
59,76,0.93
59,78,0.9
59,79,0.93
59,85,0.98
59,99,0.94
59,101,0.93
59,113,0.94
59,114,0.97
59,119,0.94
59,120,0.92
59,121,0.94
59,122,0.93
59,138,0.9
59,139,0.93
59,140,0.95
59,142,0.9
59,148,0.98
59,150,0.9
59,158,0.94
59,170,0.92
59,183,0.93
59,184,0.95
59,196,0.94
59,204,0.92
59,220,0.91
59,228,0.9
59,230,0.9
59,235,0.93
59,241,0.93
59,242,0.93
59,246,0.92
59,247,0.95
59,259,0.91
59,271,0.92
59,272,0.91
59,281,0.94
59,282,0.9
59,290,0.92
59,293,0.91
59,299,0.97
59,316,0.94
59,317,0.91
62,66,0.94
62,75,1.0
62,76,0.93
62,78,0.94
62,93,0.91
62,94,0.9
62,101,0.98
62,114,0.96
62,119,0.94
62,121,0.92
62,138,0.92
62,139,0.93
62,140,0.96
62,141,0.92
62,148,0.93
62,150,1.0
62,151,0.97
62,157,0.97
62,158,0.98
62,170,0.91
62,171,0.92
62,172,0.92
62,175,0.95
62,180,0.9
62,182,0.93
62,188,0.93
62,196,0.97
62,204,0.96
62,205,0.99
62,206,0.94
62,211,0.9
62,213,0.9
62,220,0.92
62,228,0.95
62,229,0.9
62,235,0.95
62,241,0.92
62,242,1.0
62,243,0.97
62,247,0.97
62,261,0.93
62,271,0.95
62,272,0.98
62,273,0.91
62,281,0.96
62,282,0.97
62,299,0.96
62,316,0.97
66,4,0.91
66,55,0.93
66,58,0.93
66,72,0.96
66,75,0.92
66,76,0.94
66,78,0.93
66,85,0.95
66,99,0.94
66,101,0.94
66,113,0.91
66,114,0.96
66,119,0.93
66,120,0.91
66,121,0.94
66,122,0.92
66,138,0.9
66,139,0.93
66,140,0.94
66,141,0.9
66,148,0.97
66,150,0.92
66,151,0.9
66,157,0.91
66,158,0.95
66,170,0.92
66,172,0.9
66,180,0.9
66,183,0.92
66,184,0.93
66,188,0.9
66,196,0.95
66,202,0.9
66,204,0.94
66,205,0.91
66,207,0.9
66,220,0.93
66,228,0.93
66,230,0.91
66,235,0.92
66,241,0.94
66,242,0.95
66,243,0.91
66,246,0.92
66,247,0.97
66,259,0.92
66,261,0.9
66,271,0.94
66,272,0.93
66,273,0.91
66,281,0.95
66,282,0.92
66,290,0.92
66,293,0.91
66,299,0.97
66,316,0.94
66,317,0.9
72,35,0.91
72,50,0.91
72,55,0.9
72,76,0.96
72,78,0.93
72,85,0.93
72,99,0.95
72,113,0.9
72,114,0.91
72,120,0.91
72,121,0.94
72,133,0.92
72,138,0.91
72,140,0.9
72,146,0.91
72,148,0.97
72,158,0.91
72,170,0.94
72,176,0.91
72,180,0.93
72,183,0.95
72,188,0.91
72,196,0.94
72,202,0.94
72,204,0.9
72,207,0.95
72,220,0.91
72,230,0.9
72,246,0.91
72,247,0.94
72,259,0.93
72,271,0.95
72,272,0.91
72,298,0.92
72,299,0.96
72,316,0.91
72,317,0.94
75,76,0.92
75,78,0.94
75,93,0.91
75,94,0.91
75,101,0.98
75,114,0.94
75,119,0.94
75,121,0.92
75,138,0.91
75,139,0.91
75,140,0.95
75,141,0.93
75,148,0.92
75,150,1.0
75,151,0.96
75,157,0.96
75,158,0.98
75,170,0.91
75,171,0.92
75,172,0.92
75,175,0.96
75,182,0.93
75,188,0.92
75,196,0.96
75,204,0.96
75,205,0.98
75,206,0.93
75,211,0.92
75,220,0.91
75,228,0.93
75,229,0.91
75,235,0.94
75,241,0.91
75,242,1.0
75,243,0.97
75,247,0.95
75,261,0.93
75,271,0.94
75,272,0.97
75,273,0.91
75,281,0.96
75,282,0.96
75,292,0.9
75,299,0.94
75,316,0.96
76,77,0.91
76,78,0.98
76,90,0.9
76,93,0.94
76,99,0.92
76,101,0.9
76,114,0.92
76,121,0.93
76,138,0.92
76,140,0.92
76,148,0.95
76,150,0.93
76,151,0.92
76,155,0.9
76,157,0.92
76,158,0.94
76,167,0.93
76,170,0.95
76,171,0.95
76,176,0.9
76,180,0.96
76,183,0.94
76,188,0.96
76,196,0.97
76,202,0.96
76,204,0.93
76,205,0.92
76,206,0.93
76,207,0.93
76,212,0.91
76,213,0.94
76,220,0.94
76,228,0.9
76,242,0.94
76,243,0.94
76,244,0.91
76,247,0.97
76,253,0.93
76,259,0.94
76,271,0.98
76,272,0.96
76,281,0.92
76,282,0.92
76,298,0.96
76,299,0.96
76,302,0.9
76,316,0.93
76,317,0.9
78,39,0.91
78,77,0.9
78,93,0.96
78,101,0.9
78,114,0.9
78,121,0.91
78,138,0.92
78,140,0.91
78,148,0.93
78,150,0.95
78,151,0.95
78,155,0.9
78,157,0.95
78,158,0.94
78,167,0.91
78,170,0.94
78,171,0.96
78,180,0.98
78,182,0.92
78,183,0.93
78,188,0.99
78,195,0.9
78,196,0.97
78,202,0.97
78,204,0.93
78,205,0.95
78,206,0.95
78,207,0.91
78,212,0.93
78,213,0.94
78,220,0.93
78,228,0.92
78,242,0.94
78,243,0.97
78,244,0.94
78,247,0.97
78,253,0.9
78,259,0.91
78,271,0.99
78,272,0.97
78,275,0.9
78,281,0.9
78,282,0.94
78,298,0.98
78,299,0.96
78,316,0.94
93,39,0.9
93,150,0.92
93,151,0.95
93,155,0.9
93,157,0.95
93,171,0.94
93,180,0.93
93,182,0.91
93,188,0.97
93,196,0.92
93,202,0.91
93,205,0.95
93,206,0.99
93,212,0.93
93,213,0.98
93,220,0.93
93,228,0.94
93,242,0.91
93,243,0.97
93,247,0.95
93,271,0.94
93,272,0.97
93,282,0.95
93,298,0.92
93,299,0.93
93,304,0.91
93,316,0.9
94,96,0.91
94,101,0.93
94,119,0.95
94,121,0.93
94,122,0.94
94,124,0.91
94,127,0.9
94,141,0.95
94,148,0.9
94,158,0.92
94,172,0.93
94,175,0.95
94,189,0.93
94,196,0.91
94,204,0.92
94,211,0.93
94,229,0.94
94,235,0.91
94,236,0.93
94,242,0.9
94,261,0.94
94,273,0.96
94,276,0.92
94,280,0.91
94,281,0.94
94,290,0.92
94,292,0.94
94,293,0.93
94,295,0.91
99,4,0.96
99,15,0.95
99,29,0.93
99,30,0.93
99,35,0.91
99,50,0.94
99,55,0.94
99,82,0.91
99,85,0.93
99,113,0.9
99,118,0.9
99,119,0.91
99,120,0.95
99,121,0.97
99,122,0.92
99,127,0.91
99,133,0.94
99,140,0.91
99,142,0.91
99,145,0.91
99,148,0.95
99,158,0.92
99,170,0.96
99,172,0.93
99,176,0.93
99,183,0.9
99,185,0.93
99,189,0.93
99,196,0.91
99,202,0.9
99,204,0.93
99,223,0.91
99,229,0.91
99,230,0.93
99,238,0.91
99,239,0.91
99,241,0.93
99,246,0.96
99,259,0.91
99,261,0.9
99,271,0.91
99,273,0.94
99,276,0.93
99,280,0.92
99,281,0.92
99,290,0.95
99,292,0.92
99,293,0.93
99,299,0.91
99,317,0.95
101,55,0.9
101,96,0.91
101,114,0.95
101,118,0.93
101,119,0.97
101,121,0.94
101,122,0.92
101,124,0.91
101,127,0.91
101,139,0.9
101,140,0.96
101,141,0.98
101,148,0.92
101,150,0.97
101,151,0.9
101,157,0.9
101,158,0.97
101,170,0.93
101,172,0.96
101,175,0.99
101,189,0.9
101,196,0.94
101,204,0.97
101,205,0.94
101,211,0.94
101,220,0.91
101,229,0.96
101,235,0.95
101,236,0.91
101,241,0.95
101,242,0.98
101,243,0.92
101,247,0.93
101,261,0.98
101,271,0.92
101,272,0.94
101,273,0.95
101,280,0.94
101,281,0.99
101,282,0.91
101,290,0.95
101,292,0.95
101,293,0.93
101,299,0.92
101,316,0.94
114,55,0.9
114,85,0.94
114,113,0.94
114,119,0.93
114,121,0.91
114,140,0.97
114,148,0.94
114,150,0.94
114,151,0.94
114,157,0.93
114,158,0.96
114,175,0.9
114,183,0.92
114,184,0.92
114,196,0.95
114,204,0.93
114,205,0.94
114,206,0.9
114,220,0.91
114,228,0.94
114,235,0.95
114,241,0.92
114,242,0.97
114,243,0.93
114,247,0.96
114,261,0.9
114,271,0.91
114,272,0.94
114,281,0.94
114,282,0.95
114,290,0.9
114,299,0.97
114,316,0.96
119,4,0.93
119,55,0.96
119,85,0.91
119,96,0.92
119,113,0.9
119,118,0.93
119,120,0.9
119,121,0.96
119,122,0.96
119,124,0.94
119,127,0.95
119,139,0.91
119,140,0.94
119,141,0.98
119,142,0.94
119,145,0.91
119,148,0.94
119,150,0.93
119,158,0.96
119,170,0.92
119,172,0.96
119,174,0.93
119,175,0.97
119,189,0.93
119,196,0.94
119,201,0.93
119,204,0.96
119,211,0.96
119,229,0.97
119,235,0.98
119,236,0.96
119,239,0.91
119,241,0.95
119,242,0.94
119,246,0.92
119,261,0.98
119,273,0.96
119,276,0.9
119,280,0.94
119,281,0.99
119,290,0.96
119,292,0.96
119,293,0.96
119,295,0.91
119,299,0.91
119,316,0.94
121,4,0.95
121,15,0.91
121,29,0.9
121,55,0.95
121,85,0.93
121,113,0.9
121,118,0.92
121,120,0.92
121,122,0.95
121,127,0.93
121,140,0.94
121,141,0.94
121,142,0.93
121,145,0.91
121,148,0.97
121,150,0.91
121,158,0.95
121,167,0.9
121,170,0.97
121,172,0.96
121,174,0.9
121,175,0.94
121,176,0.9
121,183,0.91
121,185,0.9
121,189,0.94
121,196,0.95
121,201,0.9
121,202,0.91
121,204,0.97
121,211,0.95
121,229,0.96
121,230,0.92
121,235,0.93
121,236,0.92
121,238,0.9
121,239,0.91
121,241,0.96
121,242,0.93
121,246,0.95
121,247,0.9
121,259,0.9
121,261,0.95
121,271,0.93
121,273,0.97
121,276,0.92
121,280,0.94
121,281,0.97
121,290,0.97
121,292,0.95
121,293,0.96
121,295,0.91
121,299,0.93
121,316,0.92
121,317,0.93
122,4,0.94
122,55,0.95
122,85,0.9
122,118,0.92
122,120,0.92
122,124,0.9
122,127,0.93
122,139,0.91
122,140,0.9
122,141,0.94
122,142,0.91
122,148,0.93
122,158,0.92
122,162,0.9
122,170,0.9
122,172,0.93
122,174,0.91
122,175,0.93
122,189,0.92
122,196,0.9
122,201,0.93
122,204,0.92
122,211,0.92
122,229,0.94
122,235,0.93
122,236,0.94
122,239,0.91
122,241,0.92
122,246,0.9
122,261,0.94
122,273,0.94
122,276,0.94
122,280,0.91
122,281,0.96
122,290,0.94
122,292,0.93
122,293,0.96
122,295,0.91
122,296,0.93
122,316,0.9
138,77,0.93
138,139,0.9
138,140,0.9
138,148,0.92
138,150,0.91
138,151,0.92
138,157,0.94
138,158,0.91
138,180,0.91
138,188,0.94
138,196,0.94
138,205,0.93
138,206,0.9
138,228,0.9
138,242,0.91
138,243,0.92
138,247,0.93
138,271,0.94
138,272,0.93
138,282,0.92
138,299,0.93
138,316,0.91
138,317,0.9
139,140,0.9
139,148,0.93
139,150,0.91
139,157,0.92
139,158,0.91
139,196,0.91
139,205,0.9
139,235,0.9
139,236,0.9
139,242,0.92
139,247,0.91
139,272,0.9
139,281,0.91
139,282,0.9
139,296,0.95
139,299,0.93
139,316,0.91
140,4,0.9
140,23,0.9
140,55,0.91
140,85,0.92
140,113,0.93
140,141,0.93
140,148,0.94
140,150,0.95
140,151,0.92
140,157,0.91
140,158,0.98
140,167,0.9
140,170,0.93
140,171,0.91
140,172,0.93
140,175,0.94
140,183,0.9
140,196,0.96
140,204,0.97
140,205,0.94
140,211,0.9
140,220,0.9
140,228,0.91
140,229,0.91
140,235,0.95
140,241,0.93
140,242,0.97
140,243,0.92
140,246,0.92
140,247,0.94
140,261,0.93
140,271,0.92
140,272,0.93
140,273,0.93
140,280,0.91
140,281,0.96
140,282,0.93
140,290,0.94
140,292,0.92
140,293,0.9
140,299,0.95
140,316,0.95
141,4,0.91
141,55,0.93
141,96,0.95
141,118,0.96
141,124,0.98
141,125,0.91
141,127,0.96
141,142,0.91
141,145,0.94
141,150,0.91
141,158,0.94
141,170,0.91
141,172,0.97
141,174,0.95
141,175,0.99
141,189,0.95
141,196,0.9
141,201,0.92
141,204,0.95
141,211,0.97
141,229,0.99
141,235,0.94
141,236,0.95
141,238,0.9
141,239,0.93
141,241,0.95
141,242,0.93
141,246,0.91
141,261,1.0
141,273,0.97
141,280,0.97
141,281,0.98
141,290,0.97
141,292,0.99
141,293,0.96
141,295,0.92
148,4,0.93
148,55,0.94
148,79,0.91
148,85,0.94
148,113,0.91
148,120,0.92
148,142,0.9
148,150,0.92
148,151,0.9
148,157,0.9
148,158,0.95
148,170,0.95
148,172,0.9
148,180,0.92
148,183,0.96
148,188,0.9
148,196,0.97
148,202,0.93
148,204,0.95
148,205,0.9
148,211,0.9
148,229,0.9
148,230,0.91
148,235,0.94
148,236,0.9
148,241,0.93
148,242,0.93
148,243,0.9
148,246,0.92
148,247,0.94
148,259,0.9
148,261,0.9
148,271,0.95
148,272,0.92
148,273,0.92
148,276,0.91
148,281,0.94
148,282,0.9
148,290,0.92
148,293,0.93
148,298,0.9
148,299,0.97
148,316,0.96
148,317,0.94
150,151,0.97
150,157,0.97
150,158,0.97
150,170,0.91
150,171,0.92
150,172,0.91
150,175,0.95
150,180,0.9
150,182,0.94
150,188,0.93
150,196,0.96
150,204,0.96
150,205,0.99
150,206,0.94
150,211,0.9
150,213,0.9
150,220,0.91
150,228,0.94
150,235,0.94
150,241,0.9
150,242,1.0
150,243,0.98
150,247,0.96
150,261,0.92
150,271,0.94
150,272,0.98
150,273,0.9
150,281,0.95
150,282,0.97
150,299,0.95
150,316,0.96
151,157,0.99
151,158,0.93
151,171,0.92
151,180,0.92
151,182,0.93
151,183,0.91
151,188,0.96
151,196,0.95
151,204,0.9
151,205,0.99
151,206,0.97
151,213,0.91
151,228,0.97
151,242,0.96
151,243,0.99
151,247,0.97
151,271,0.94
151,272,0.97
151,282,1.0
151,299,0.96
151,316,0.96
152,23,0.95
152,82,0.91
152,167,0.98
152,171,0.95
152,176,0.9
152,220,0.91
152,246,0.9
152,253,0.94
152,259,0.92
152,285,0.92
157,158,0.93
157,171,0.92
157,180,0.92
157,182,0.93
157,188,0.96
157,196,0.94
157,204,0.9
157,205,0.99
157,206,0.97
157,213,0.91
157,228,0.97
157,242,0.96
157,243,0.99
157,247,0.96
157,271,0.94
157,272,0.97
157,282,0.99
157,299,0.96
157,316,0.95
158,4,0.9
158,55,0.9
158,113,0.9
158,167,0.92
158,170,0.95
158,171,0.93
158,172,0.96
158,175,0.96
158,180,0.9
158,182,0.91
158,183,0.9
158,188,0.91
158,196,0.98
158,204,0.98
158,205,0.96
158,206,0.9
158,211,0.93
158,220,0.91
158,228,0.91
158,229,0.93
158,235,0.95
158,241,0.94
158,242,0.98
158,243,0.94
158,246,0.91
158,247,0.96
158,259,0.91
158,261,0.95
158,271,0.94
158,272,0.96
158,273,0.94
158,280,0.92
158,281,0.97
158,282,0.94
158,290,0.93
158,292,0.93
158,293,0.9
158,299,0.96
158,316,0.96
167,23,0.94
167,35,0.9
167,82,0.92
167,90,0.91
167,120,0.92
167,133,0.91
167,170,0.93
167,171,0.96
167,172,0.91
167,176,0.93
167,196,0.92
167,202,0.9
167,204,0.92
167,213,0.9
167,220,0.93
167,223,0.9
167,246,0.92
167,253,0.96
167,259,0.94
167,272,0.92
167,280,0.9
167,281,0.91
167,285,0.95
167,299,0.9
167,302,0.91
170,4,0.93
170,55,0.9
170,120,0.91
170,127,0.9
170,133,0.91
170,171,0.93
170,172,0.95
170,175,0.92
170,176,0.91
170,180,0.93
170,183,0.92
170,185,0.91
170,188,0.9
170,189,0.9
170,196,0.95
170,202,0.95
170,204,0.97
170,211,0.93
170,220,0.9
170,229,0.93
170,230,0.91
170,241,0.94
170,242,0.92
170,246,0.94
170,247,0.91
170,253,0.91
170,259,0.92
170,261,0.92
170,271,0.96
170,272,0.91
170,273,0.95
170,276,0.9
170,280,0.92
170,281,0.94
170,290,0.94
170,292,0.92
170,293,0.93
170,298,0.92
170,299,0.93
170,316,0.91
170,317,0.93
171,23,0.9
171,131,0.9
171,180,0.94
171,182,0.92
171,188,0.94
171,196,0.94
171,202,0.93
171,204,0.93
171,205,0.94
171,206,0.93
171,213,0.93
171,220,0.93
171,228,0.9
171,242,0.93
171,243,0.95
171,247,0.94
171,253,0.93
171,259,0.93
171,271,0.94
171,272,0.96
171,282,0.92
171,285,0.91
171,298,0.93
171,299,0.93
171,302,0.9
171,316,0.91
172,4,0.92
172,55,0.91
172,96,0.94
172,118,0.93
172,120,0.9
172,124,0.94
172,125,0.93
172,127,0.95
172,142,0.9
172,145,0.95
172,174,0.92
172,175,0.97
172,185,0.91
172,189,0.95
172,196,0.91
172,204,0.97
172,211,0.96
172,229,0.97
172,235,0.92
172,236,0.91
172,239,0.92
172,241,0.95
172,242,0.93
172,246,0.94
172,259,0.9
172,261,0.97
172,273,0.98
172,280,0.98
172,281,0.97
172,290,0.97
172,292,0.97
172,293,0.93
172,295,0.93
175,96,0.95
175,118,0.92
175,124,0.95
175,125,0.9
175,127,0.93
175,145,0.91
175,174,0.9
175,189,0.92
175,196,0.92
175,204,0.97
175,205,0.9
175,211,0.97
175,229,0.98
175,235,0.94
175,236,0.92
175,241,0.94
175,242,0.96
175,261,0.99
175,272,0.9
175,273,0.97
175,280,0.95
175,281,0.98
175,290,0.95
175,292,0.97
175,293,0.94
175,295,0.9
175,316,0.91
176,21,0.9
176,35,0.96
176,55,0.9
176,82,0.97
176,90,0.92
176,109,0.93
176,113,0.94
176,120,0.97
176,127,0.91
176,133,0.98
176,193,0.9
176,220,0.92
176,223,0.97
176,246,0.97
176,253,0.92
176,257,0.9
176,259,0.95
176,266,0.92
176,280,0.9
176,285,0.92
176,290,0.9
176,293,0.9
176,302,0.93
176,307,0.94
180,39,0.93
180,63,0.9
180,81,0.93
180,155,0.91
180,183,0.94
180,188,0.97
180,191,0.92
180,195,0.92
180,196,0.94
180,202,0.97
180,204,0.9
180,205,0.91
180,206,0.92
180,207,0.92
180,212,0.94
180,242,0.9
180,243,0.94
180,244,0.97
180,247,0.94
180,271,0.98
180,272,0.93
180,275,0.91
180,278,0.9
180,282,0.91
180,298,0.98
180,299,0.94
180,316,0.91
182,188,0.92
182,196,0.92
182,205,0.95
182,206,0.94
182,213,0.9
182,228,0.91
182,242,0.93
182,243,0.94
182,247,0.92
182,271,0.91
182,272,0.94
182,282,0.93
183,85,0.9
183,188,0.91
183,196,0.94
183,202,0.94
183,204,0.91
183,230,0.9
183,241,0.9
183,243,0.91
183,244,0.91
183,247,0.92
183,271,0.94
183,272,0.9
183,282,0.9
183,298,0.92
183,299,0.96
183,316,0.94
188,39,0.92
188,155,0.91
188,196,0.95
188,202,0.95
188,205,0.95
188,206,0.97
188,207,0.92
188,212,0.95
188,213,0.95
188,220,0.91
188,228,0.93
188,242,0.92
188,243,0.97
188,244,0.94
188,247,0.97
188,271,0.98
188,272,0.97
188,275,0.91
188,282,0.95
188,298,0.96
188,299,0.95
188,316,0.91
196,77,0.91
196,113,0.9
196,202,0.93
196,204,0.96
196,205,0.96
196,206,0.93
196,211,0.91
196,213,0.91
196,220,0.92
196,228,0.91
196,235,0.95
196,241,0.91
196,242,0.97
196,243,0.95
196,246,0.9
196,247,0.97
196,259,0.91
196,261,0.91
196,271,0.97
196,272,0.97
196,273,0.92
196,281,0.95
196,282,0.95
196,298,0.93
196,299,0.98
196,316,0.97
196,317,0.9
202,32,0.9
202,35,0.92
202,39,0.92
202,90,0.92
202,155,0.92
202,191,0.9
202,195,0.93
202,204,0.91
202,207,0.92
202,212,0.92
202,213,0.91
202,220,0.91
202,243,0.9
202,244,0.95
202,247,0.92
202,253,0.9
202,259,0.91
202,271,0.97
202,272,0.92
202,275,0.9
202,298,0.98
202,299,0.93
202,302,0.93
202,304,0.9
204,4,0.93
204,55,0.92
204,118,0.9
204,127,0.9
204,145,0.91
204,189,0.92
204,205,0.93
204,211,0.96
204,229,0.96
204,230,0.91
204,235,0.94
204,239,0.9
204,241,0.97
204,242,0.97
204,243,0.92
204,246,0.93
204,247,0.93
204,259,0.9
204,261,0.96
204,271,0.94
204,272,0.93
204,273,0.97
204,280,0.95
204,281,0.98
204,282,0.9
204,290,0.96
204,292,0.96
204,293,0.93
204,299,0.94
204,316,0.95
205,206,0.97
205,213,0.91
205,220,0.9
205,228,0.97
205,235,0.9
205,242,0.98
205,243,0.99
205,247,0.97
205,271,0.94
205,272,0.98
205,281,0.91
205,282,0.99
205,299,0.95
205,316,0.95
206,212,0.91
206,213,0.97
206,220,0.93
206,228,0.96
206,242,0.94
206,243,0.98
206,247,0.96
206,271,0.93
206,272,0.98
206,282,0.98
206,298,0.9
206,299,0.94
206,316,0.91
211,4,0.91
211,55,0.91
211,96,0.96
211,118,0.91
211,124,0.95
211,127,0.94
211,142,0.9
211,145,0.9
211,174,0.92
211,189,0.94
211,201,0.91
211,229,0.98
211,235,0.93
211,236,0.91
211,239,0.9
211,241,0.94
211,242,0.91
211,261,0.98
211,273,0.97
211,280,0.94
211,281,0.96
211,290,0.95
211,292,0.97
211,293,0.95
213,32,0.91
213,90,0.91
213,155,0.91
213,212,0.91
213,220,0.96
213,242,0.9
213,243,0.93
213,247,0.93
213,253,0.94
213,254,0.93
213,259,0.92
213,271,0.92
213,272,0.96
213,275,0.9
213,282,0.91
213,289,0.92
213,298,0.9
213,299,0.91
213,304,0.93
220,90,0.91
220,113,0.9
220,207,0.92
220,228,0.9
220,242,0.93
220,243,0.91
220,247,0.95
220,253,0.95
220,259,0.97
220,271,0.92
220,272,0.96
220,281,0.92
220,282,0.9
220,299,0.93
220,302,0.9
228,242,0.95
228,243,0.97
228,247,0.97
228,271,0.92
228,272,0.96
228,282,0.99
228,299,0.95
228,316,0.92
229,4,0.93
229,55,0.94
229,96,0.95
229,118,0.96
229,124,0.98
229,125,0.92
229,127,0.97
229,142,0.93
229,145,0.95
229,174,0.96
229,189,0.97
229,201,0.94
229,230,0.9
229,235,0.92
229,236,0.95
229,238,0.92
229,239,0.95
229,241,0.96
229,242,0.91
229,246,0.92
229,261,0.99
229,273,0.98
229,276,0.9
229,280,0.97
229,281,0.97
229,290,0.98
229,292,0.99
229,293,0.97
229,295,0.92
235,55,0.93
235,113,0.9
235,142,0.9
235,236,0.9
235,241,0.92
235,242,0.95
235,247,0.9
235,261,0.95
235,272,0.91
235,273,0.92
235,281,0.96
235,290,0.92
235,292,0.92
235,293,0.91
235,299,0.93
235,316,0.95
241,4,0.94
241,29,0.92
241,55,0.95
241,85,0.92
241,118,0.94
241,124,0.9
241,127,0.92
241,142,0.91
241,145,0.91
241,174,0.9
241,189,0.93
241,201,0.9
241,230,0.95
241,236,0.9
241,239,0.91
241,242,0.93
241,246,0.93
241,261,0.95
241,271,0.9
241,273,0.95
241,280,0.93
241,281,0.96
241,290,0.97
241,292,0.95
241,293,0.94
241,299,0.91
241,316,0.93
242,243,0.97
242,247,0.97
242,259,0.9
242,261,0.93
242,271,0.95
242,272,0.98
242,273,0.91
242,281,0.97
242,282,0.97
242,290,0.9
242,292,0.9
242,299,0.96
242,316,0.97
243,247,0.97
243,271,0.96
243,272,0.98
243,282,0.99
243,298,0.92
243,299,0.96
243,316,0.96
246,4,0.95
246,15,0.94
246,23,0.91
246,29,0.91
246,30,0.91
246,35,0.9
246,55,0.95
246,79,0.9
246,82,0.97
246,85,0.93
246,113,0.95
246,118,0.91
246,120,0.98
246,127,0.94
246,133,0.96
246,142,0.94
246,145,0.95
246,156,0.9
246,174,0.91
246,189,0.91
246,219,0.92
246,223,0.95
246,230,0.9
246,238,0.91
246,239,0.94
246,259,0.93
246,261,0.91
246,273,0.93
246,280,0.96
246,281,0.94
246,285,0.9
246,290,0.96
246,292,0.93
246,293,0.93
247,207,0.92
247,259,0.93
247,271,0.97
247,272,0.98
247,281,0.92
247,282,0.98
247,298,0.92
247,299,0.98
247,316,0.95
253,22,0.91
253,35,0.9
253,90,0.94
253,109,0.92
253,133,0.9
253,193,0.92
253,254,0.93
253,259,0.96
253,271,0.9
253,272,0.92
253,285,0.91
253,302,0.92
259,35,0.91
259,82,0.91
259,90,0.92
259,109,0.9
259,113,0.91
259,120,0.91
259,133,0.94
259,193,0.9
259,207,0.91
259,223,0.9
259,271,0.91
259,272,0.92
259,281,0.91
259,285,0.9
259,299,0.92
259,302,0.92
259,307,0.9
261,4,0.91
261,55,0.93
261,96,0.96
261,118,0.95
261,124,0.97
261,125,0.91
261,127,0.96
261,142,0.92
261,145,0.93
261,174,0.94
261,189,0.95
261,201,0.92
261,236,0.94
261,239,0.92
261,273,0.97
261,280,0.96
261,281,0.99
261,290,0.97
261,292,0.98
261,293,0.96
261,295,0.92
261,316,0.9
271,77,0.91
271,207,0.92
271,212,0.92
271,244,0.94
271,272,0.97
271,281,0.91
271,282,0.93
271,298,0.97
271,299,0.96
271,316,0.94
271,317,0.9
272,281,0.93
272,282,0.98
272,298,0.92
272,299,0.97
272,316,0.95
273,4,0.95
273,15,0.91
273,29,0.9
273,55,0.93
273,96,0.92
273,118,0.94
273,124,0.94
273,125,0.91
273,127,0.95
273,142,0.92
273,145,0.95
273,174,0.93
273,185,0.9
273,189,0.97
273,201,0.91
273,230,0.9
273,236,0.93
273,238,0.92
273,239,0.94
273,276,0.93
273,280,0.96
273,281,0.97
273,290,0.98
273,292,0.99
273,293,0.96
273,295,0.93
280,4,0.93
280,15,0.91
280,23,0.9
280,55,0.92
280,82,0.9
280,95,0.92
280,96,0.93
280,118,0.95
280,120,0.93
280,124,0.95
280,125,0.97
280,127,0.97
280,142,0.92
280,145,0.99
280,164,0.91
280,174,0.96
280,189,0.95
280,201,0.9
280,219,0.92
280,236,0.91
280,238,0.93
280,239,0.96
280,281,0.96
280,290,0.98
280,292,0.98
280,293,0.94
280,295,0.91
281,4,0.92
281,55,0.94
281,85,0.91
281,96,0.93
281,113,0.91
281,118,0.94
281,120,0.91
281,124,0.93
281,127,0.94
281,142,0.91
281,145,0.92
281,174,0.91
281,189,0.92
281,201,0.91
281,236,0.93
281,239,0.91
281,290,0.97
281,292,0.97
281,293,0.96
281,299,0.93
281,316,0.94
282,299,0.96
282,316,0.95
290,4,0.96
290,15,0.94
290,29,0.93
290,55,0.97
290,85,0.93
290,96,0.9
290,113,0.9
290,118,0.97
290,120,0.94
290,124,0.94
290,125,0.91
290,127,0.96
290,142,0.96
290,145,0.97
290,156,0.91
290,174,0.96
290,189,0.97
290,201,0.93
290,210,0.91
290,219,0.92
290,230,0.93
290,236,0.94
290,238,0.95
290,239,0.97
290,276,0.91
290,292,0.98
290,293,0.96
290,295,0.92
292,4,0.95
292,15,0.9
292,29,0.91
292,55,0.94
292,95,0.9
292,96,0.94
292,97,0.9
292,118,0.97
292,120,0.9
292,124,0.97
292,125,0.94
292,127,0.97
292,142,0.93
292,145,0.97
292,174,0.96
292,189,0.97
292,201,0.93
292,219,0.91
292,236,0.94
292,238,0.94
292,239,0.96
292,276,0.91
292,293,0.96
292,295,0.92
293,4,0.95
293,15,0.91
293,29,0.93
293,55,0.96
293,85,0.9
293,96,0.92
293,97,0.9
293,118,0.95
293,120,0.92
293,124,0.93
293,127,0.96
293,142,0.94
293,145,0.93
293,156,0.9
293,174,0.95
293,189,0.94
293,201,0.97
293,230,0.92
293,236,0.95
293,238,0.93
293,239,0.95
293,276,0.93
293,295,0.9
298,39,0.95
298,63,0.91
298,81,0.92
298,155,0.93
298,190,0.9
298,191,0.94
298,195,0.94
298,207,0.92
298,212,0.94
298,214,0.9
298,244,0.96
298,275,0.92
298,278,0.91
298,299,0.91
298,302,0.91
298,304,0.9
299,85,0.92
299,113,0.91
299,207,0.91
299,316,0.97
4,15,0.95
4,29,0.96
4,30,0.91
4,50,0.9
4,55,0.97
4,85,0.92
4,118,0.93
4,120,0.94
4,127,0.92
4,133,0.9
4,142,0.95
4,145,0.93
4,156,0.91
4,162,0.9
4,174,0.92
4,189,0.94
4,201,0.92
4,230,0.94
4,236,0.92
4,238,0.94
4,239,0.96
4,276,0.94
4,317,0.9
15,25,0.91
15,29,0.95
15,30,0.94
15,50,0.92
15,55,0.94
15,85,0.9
15,118,0.9
15,120,0.93
15,127,0.91
15,142,0.95
15,145,0.93
15,156,0.95
15,174,0.91
15,189,0.92
15,219,0.91
15,223,0.9
15,230,0.9
15,238,0.96
15,239,0.94
15,262,0.9
15,276,0.9
15,317,0.91
29,30,0.93
29,50,0.9
29,55,0.95
29,58,0.9
29,85,0.91
29,118,0.94
29,120,0.9
29,142,0.92
29,145,0.9
29,156,0.94
29,174,0.9
29,189,0.91
29,201,0.92
29,210,0.9
29,230,0.96
29,238,0.96
29,239,0.94
30,50,0.91
30,133,0.9
30,230,0.92
50,85,0.92
50,262,0.91
50,317,0.93
55,25,0.9
55,79,0.94
55,82,0.9
55,85,0.96
55,113,0.93
55,118,0.95
55,120,0.95
55,127,0.94
55,142,0.98
55,145,0.92
55,156,0.95
55,162,0.92
55,174,0.94
55,189,0.92
55,201,0.95
55,210,0.92
55,219,0.92
55,230,0.93
55,236,0.94
55,238,0.94
55,239,0.95
55,276,0.9
55,294,0.91
85,79,0.94
85,113,0.95
85,118,0.9
85,120,0.93
85,133,0.9
85,142,0.92
85,156,0.92
85,162,0.9
85,184,0.95
85,210,0.9
85,230,0.91
85,262,0.91
118,97,0.92
118,124,0.95
118,127,0.96
118,142,0.93
118,145,0.95
118,156,0.93
118,174,0.96
118,189,0.94
118,201,0.94
118,210,0.95
118,219,0.9
118,230,0.91
118,236,0.93
118,238,0.96
118,239,0.96
118,294,0.9
118,295,0.9
120,23,0.91
120,35,0.91
120,79,0.92
120,82,0.98
120,113,0.95
120,127,0.92
120,133,0.97
120,142,0.93
120,145,0.93
120,156,0.9
120,162,0.94
120,174,0.9
120,219,0.9
120,223,0.97
120,238,0.9
120,239,0.93
120,276,0.9
120,285,0.92
120,307,0.9
127,21,0.91
127,82,0.9
127,96,0.95
127,97,0.94
127,124,0.97
127,125,0.94
127,142,0.94
127,145,0.96
127,156,0.91
127,164,0.91
127,174,0.98
127,189,0.95
127,201,0.94
127,210,0.91
127,219,0.94
127,236,0.94
127,238,0.94
127,239,0.95
127,260,0.94
127,294,0.9
127,295,0.92
133,35,0.96
133,82,0.96
133,90,0.9
133,109,0.9
133,113,0.91
133,162,0.9
133,223,0.98
133,266,0.91
133,285,0.92
133,302,0.92
133,307,0.95
133,309,0.9
142,25,0.95
142,61,0.91
142,79,0.93
142,82,0.9
142,113,0.91
142,124,0.91
142,145,0.93
142,156,0.95
142,162,0.9
142,174,0.95
142,189,0.93
142,201,0.93
142,210,0.92
142,219,0.96
142,236,0.93
142,238,0.95
142,239,0.95
142,294,0.92
145,95,0.94
145,97,0.9
145,124,0.94
145,125,0.96
145,156,0.9
145,164,0.95
145,174,0.96
145,189,0.95
145,210,0.9
145,219,0.94
145,236,0.9
145,238,0.95
145,239,0.97
145,294,0.91
145,295,0.91
156,25,0.94
156,61,0.91
156,79,0.91
156,117,0.9
156,174,0.92
156,201,0.9
156,210,0.96
156,219,0.91
156,236,0.9
156,238,0.97
156,239,0.93
156,240,0.9
156,262,0.9
156,294,0.93
162,79,0.93
162,82,0.9
162,223,0.9
162,309,0.9
174,25,0.92
174,95,0.91
174,96,0.92
174,97,0.97
174,124,0.97
174,125,0.94
174,164,0.93
174,189,0.95
174,201,0.95
174,210,0.92
174,219,0.95
174,236,0.94
174,238,0.96
174,239,0.96
174,260,0.92
174,294,0.94
174,295,0.92
189,96,0.91
189,124,0.95
189,125,0.9
189,185,0.91
189,201,0.91
189,236,0.92
189,238,0.94
189,239,0.94
189,276,0.92
189,295,0.94
201,97,0.91
201,124,0.92
201,236,0.94
201,238,0.92
201,239,0.94
230,58,0.91
230,239,0.9
236,124,0.92
236,238,0.91
236,239,0.93
236,295,0.91
236,296,0.92
238,25,0.91
238,97,0.93
238,124,0.91
238,164,0.92
238,210,0.93
238,219,0.92
238,239,0.97
238,294,0.94
238,295,0.9
239,95,0.92
239,97,0.91
239,124,0.93
239,125,0.92
239,164,0.92
239,210,0.91
239,219,0.92
239,276,0.9
239,294,0.94
276,185,0.9
276,317,0.9
317,77,0.9
317,134,0.9
317,146,0.91
317,185,0.91
58,184,0.91
124,96,0.95
124,97,0.94
124,125,0.94
124,219,0.92
124,260,0.9
124,295,0.92
184,210,0.9
6,27,0.92
6,51,0.91
6,137,0.91
6,245,0.95
6,300,0.95
27,137,0.94
27,300,0.95
51,123,0.91
51,245,0.92
51,294,0.91
137,46,0.9
137,263,0.94
137,300,0.96
245,68,0.9
245,294,0.93
245,300,0.91
300,24,0.9
300,159,0.9
300,263,0.91
96,21,0.9
96,125,0.93
96,260,0.94
125,95,0.96
125,164,0.94
125,219,0.91
125,260,0.91
9,31,0.94
9,60,0.94
9,178,0.93
9,263,0.92
31,46,0.9
31,60,0.93
31,263,0.91
60,178,0.93
178,143,0.93
263,46,0.92
263,147,0.94
263,159,0.91
263,215,0.9
11,83,0.93
11,84,0.92
83,84,0.94
83,97,0.92
83,123,0.92
83,164,0.93
83,208,0.9
83,209,0.96
83,210,0.91
84,123,0.9
84,208,0.96
84,210,0.9
46,147,0.93
46,159,0.92
159,232,0.93
63,39,0.9
63,103,0.91
63,126,0.93
63,130,0.92
63,155,0.92
63,190,0.96
63,191,0.94
63,195,0.91
63,197,0.92
63,200,0.96
63,212,0.91
63,214,0.95
63,275,0.92
63,278,0.91
63,286,0.9
63,287,0.95
63,297,0.9
63,306,0.9
63,310,0.9
130,190,0.92
130,197,0.94
130,286,0.93
130,287,0.94
130,306,0.91
155,22,0.92
155,32,0.94
155,33,0.91
155,39,0.95
155,43,0.92
155,90,0.91
155,190,0.94
155,191,0.93
155,193,0.9
155,195,0.97
155,199,0.9
155,203,0.93
155,207,0.9
155,212,0.95
155,275,0.97
155,289,0.92
155,302,0.92
155,304,0.96
155,306,0.91
197,103,0.9
197,190,0.9
197,194,0.91
197,200,0.91
197,249,0.94
197,274,0.92
197,286,0.96
197,287,0.97
197,297,0.94
197,310,0.96
286,103,0.92
286,163,0.91
286,200,0.9
286,249,0.93
286,274,0.91
286,287,0.94
286,297,0.94
286,310,0.94
287,103,0.93
287,163,0.9
287,190,0.92
287,194,0.9
287,200,0.95
287,214,0.91
287,249,0.9
287,297,0.93
287,310,0.93
25,61,0.91
25,97,0.9
25,210,0.91
25,219,0.97
25,294,0.92
219,82,0.9
219,97,0.91
219,164,0.92
219,210,0.92
219,294,0.94
223,35,0.95
223,82,0.97
223,109,0.9
223,112,0.91
223,113,0.9
223,266,0.95
223,285,0.92
223,307,0.94
223,309,0.9
262,177,0.9
126,39,0.9
126,81,0.91
126,190,0.9
126,191,0.95
126,195,0.93
126,200,0.9
126,214,0.93
126,278,0.92
190,39,0.93
190,191,0.94
190,195,0.92
190,200,0.93
190,212,0.92
190,214,0.9
190,275,0.93
191,39,0.95
191,81,0.92
191,195,0.95
191,200,0.92
191,212,0.91
191,214,0.91
191,244,0.94
191,275,0.93
191,278,0.91
195,22,0.91
195,32,0.94
195,39,0.97
195,43,0.91
195,90,0.91
195,203,0.9
195,207,0.91
195,212,0.95
195,244,0.93
195,275,0.97
195,278,0.91
195,289,0.9
195,302,0.93
195,304,0.95
275,32,0.91
275,39,0.95
275,43,0.91
275,207,0.9
275,212,0.96
275,244,0.9
275,289,0.9
275,304,0.94
20,70,0.93
20,89,0.9
20,128,0.9
20,258,0.9
20,274,0.92
20,315,0.92
70,194,0.91
70,250,0.91
70,315,0.94
89,163,0.91
89,194,0.94
89,274,0.9
89,310,0.9
258,181,0.91
258,274,0.9
274,194,0.95
274,249,0.93
274,297,0.93
274,310,0.94
315,233,0.91
21,257,0.9
21,260,0.96
257,22,0.93
257,41,0.94
257,90,0.92
257,109,0.97
257,115,0.94
257,193,0.92
257,266,0.91
257,302,0.91
260,97,0.9
22,32,0.97
22,33,0.97
22,34,0.93
22,35,0.92
22,41,0.96
22,90,0.97
22,109,0.96
22,115,0.97
22,193,0.98
22,203,0.93
22,252,0.93
22,254,0.93
22,289,0.97
22,302,0.98
22,304,0.96
22,308,0.91
22,311,0.9
32,33,0.97
32,34,0.92
32,35,0.9
32,39,0.92
32,41,0.91
32,90,0.95
32,109,0.9
32,115,0.93
32,193,0.96
32,203,0.91
32,252,0.9
32,254,0.9
32,264,0.9
32,289,0.97
32,302,0.96
32,304,0.99
33,34,0.93
33,41,0.95
33,56,0.91
33,90,0.93
33,109,0.9
33,115,0.98
33,193,0.95
33,203,0.94
33,252,0.95
33,254,0.93
33,289,0.99
33,302,0.92
33,304,0.96
33,308,0.93
33,313,0.9
34,41,0.95
34,90,0.91
34,109,0.9
34,115,0.95
34,193,0.96
34,203,0.93
34,252,0.91
34,254,0.9
34,289,0.94
34,302,0.9
34,304,0.92
35,82,0.9
35,90,0.95
35,109,0.94
35,193,0.93
35,225,0.93
35,266,0.92
35,302,0.97
35,307,0.95
35,309,0.9
35,311,0.9
41,90,0.92
41,107,0.9
41,109,0.95
41,115,0.98
41,193,0.96
41,203,0.93
41,252,0.94
41,254,0.93
41,289,0.96
41,302,0.91
41,304,0.9
41,308,0.93
90,109,0.95
90,115,0.95
90,193,0.97
90,254,0.92
90,264,0.9
90,288,0.9
90,289,0.95
90,302,0.97
90,304,0.94
90,307,0.9
109,107,0.91
109,115,0.95
109,193,0.97
109,252,0.9
109,254,0.92
109,266,0.94
109,288,0.92
109,289,0.92
109,302,0.96
109,307,0.93
109,311,0.92
115,193,0.97
115,203,0.92
115,252,0.95
115,254,0.94
115,288,0.9
115,289,0.98
115,302,0.93
115,304,0.92
115,308,0.94
193,203,0.93
193,225,0.9
193,252,0.93
193,254,0.93
193,288,0.94
193,289,0.97
193,302,0.97
193,304,0.95
193,307,0.91
193,308,0.9
193,311,0.91
203,56,0.92
203,199,0.91
203,252,0.93
203,289,0.94
203,304,0.92
203,313,0.9
252,56,0.9
252,254,0.91
252,289,0.95
252,304,0.91
252,313,0.94
254,289,0.94
254,302,0.9
254,304,0.91
289,56,0.9
289,288,0.9
289,302,0.94
289,304,0.97
289,308,0.93
302,225,0.91
302,288,0.9
302,304,0.95
302,307,0.92
302,311,0.92
304,39,0.94
304,199,0.91
304,212,0.93
311,307,0.9
23,82,0.93
23,113,0.9
23,285,0.94
82,79,0.9
82,113,0.95
82,266,0.91
82,285,0.95
113,79,0.94
113,285,0.91
61,79,0.94
61,117,0.94
61,240,0.95
61,294,0.93
97,91,0.92
97,164,0.91
97,209,0.9
97,294,0.94
210,208,0.92
210,294,0.91
294,95,0.9
294,164,0.91
294,240,0.91
294,291,0.9
39,43,0.9
39,207,0.9
39,212,0.95
39,244,0.94
39,278,0.9
264,166,0.9
56,313,0.9
225,307,0.91
266,37,0.92
266,106,0.91
266,136,0.92
266,237,0.93
266,307,0.92
307,105,0.93
307,112,0.93
307,288,0.95
37,106,0.91
37,237,0.9
106,237,0.95
237,68,0.91
237,136,0.93
237,164,0.94
43,212,0.91
207,212,0.9
212,244,0.93
244,81,0.97
244,278,0.92
278,81,0.93
278,214,0.92
44,232,0.91
147,143,0.93
49,318,0.9
318,248,0.9
123,153,0.92
123,164,0.91
79,87,0.92
79,117,0.92
79,177,0.92
117,240,0.9
103,163,0.9
103,200,0.92
103,214,0.9
103,310,0.9
200,163,0.9
200,168,0.9
200,214,0.93
200,310,0.92
214,185,0.91
214,297,0.91
297,181,0.9
297,194,0.92
297,249,0.94
297,310,0.95
310,163,0.92
310,181,0.91
310,194,0.97
310,249,0.95
65,91,0.9
68,95,0.9
68,164,0.93
95,164,0.92
164,153,0.91
194,163,0.94
194,249,0.92
194,250,0.94
250,163,0.9
146,81,0.9
146,134,0.92
177,100,0.96
177,143,0.9
177,283,0.91
100,283,0.9
105,112,0.94
131,166,0.96
